<pkg:metadata xmlns:pkg="http://marklogic.com/manage/package"><pkg:package-version>2.0</pkg:package-version><user xmlns="http://marklogic.com/manage/package">admin</user><group xmlns="http://marklogic.com/manage/package">Default</group><host xmlns="http://marklogic.com/manage/package">ml7-demo.tampabay.rr.com</host><timestamp xmlns="http://marklogic.com/manage/package">2013-09-09T15:47:12.606988-04:00</timestamp><platform xmlns="http://marklogic.com/manage/package">linux</platform></pkg:metadata>
