<pkg:manifest root="/" xmlns:pkg="http://marklogic.com/manage/package"><pkg:doc name="1.xml"><pkg:uri>/Default/demo-rest/rest-api/options/default.xml</pkg:uri><pkg:permission><sec:capability xmlns:sec="http://marklogic.com/xdmp/security">update</sec:capability><sec:role-name xmlns:sec="http://marklogic.com/xdmp/security">rest-admin</sec:role-name></pkg:permission><pkg:permission><sec:capability xmlns:sec="http://marklogic.com/xdmp/security">read</sec:capability><sec:role-name xmlns:sec="http://marklogic.com/xdmp/security">rest-reader</sec:role-name></pkg:permission><pkg:permission><sec:capability xmlns:sec="http://marklogic.com/xdmp/security">update</sec:capability><sec:role-name xmlns:sec="http://marklogic.com/xdmp/security">rest-writer</sec:role-name></pkg:permission><pkg:kind>xml</pkg:kind><pkg:hash>FAKE-18182914292548093711</pkg:hash><pkg:properties><prop:last-modified xmlns:prop="http://marklogic.com/xdmp/property">2013-08-14T10:03:03-04:00</prop:last-modified></pkg:properties></pkg:doc><pkg:doc name="2.xml"><pkg:uri>/Default/demo-rest/rest-api/properties.xml</pkg:uri><pkg:permission><sec:capability xmlns:sec="http://marklogic.com/xdmp/security">update</sec:capability><sec:role-name xmlns:sec="http://marklogic.com/xdmp/security">rest-admin</sec:role-name></pkg:permission><pkg:permission><sec:capability xmlns:sec="http://marklogic.com/xdmp/security">read</sec:capability><sec:role-name xmlns:sec="http://marklogic.com/xdmp/security">rest-reader</sec:role-name></pkg:permission><pkg:permission><sec:capability xmlns:sec="http://marklogic.com/xdmp/security">update</sec:capability><sec:role-name xmlns:sec="http://marklogic.com/xdmp/security">rest-writer</sec:role-name></pkg:permission><pkg:kind>xml</pkg:kind><pkg:hash>FAKE-4268459877598930745</pkg:hash><pkg:properties><prop:last-modified xmlns:prop="http://marklogic.com/xdmp/property">2013-08-14T10:03:02-04:00</prop:last-modified></pkg:properties></pkg:doc></pkg:manifest>
