{"name":"root","children":[{"name":"public","children":[{"name":"vendor","children":[{"name":"pgn4web","children":[{"name":"pgn4web.js","size":3377,"language":"Javascript"}],"size":3377}],"size":3377},{"name":"javascripts","children":[{"name":"big.js","size":1704,"language":"Javascript"},{"name":"vendor","children":[{"name":"qtip","children":[{"name":"jquery.qtip.js","size":1388,"language":"Javascript"},{"name":"jquery.qtip.css","size":87,"language":"CSS"},{"name":"jquery.qtip.min.js","size":1,"language":"Javascript"},{"name":"jquery.qtip.min.css","size":1,"language":"CSS"}],"size":1477},{"name":"google.corechart.min.js","size":761,"language":"Javascript"},{"name":"jquery.infinitescroll.js","size":505,"language":"Javascript"},{"name":"jquery.editable-set.js","size":355,"language":"Javascript"},{"name":"zanimo.min.js","size":8,"language":"Javascript"},{"name":"underscore.min.js","size":1,"language":"Javascript"},{"name":"jquery.editable-set.min.js","size":1,"language":"Javascript"},{"name":"jquery.infinitescroll.min.js","size":1,"language":"Javascript"}],"size":3109},{"name":"monitor.js","size":168,"language":"Javascript"},{"name":"chart.js","size":119,"language":"Javascript"},{"name":"search.js","size":79,"language":"Javascript"},{"name":"pgn4hacks.js","size":70,"language":"Javascript"},{"name":"user.js","size":30,"language":"Javascript"},{"name":"translation.js","size":20,"language":"Javascript"},{"name":"user-edit.js","size":17,"language":"Javascript"},{"name":"forum.js","size":11,"language":"Javascript"},{"name":"deps.min.js","size":7,"language":"Javascript"}],"size":5334},{"name":"stylesheets","children":[{"name":"common.css","size":902,"language":"CSS"},{"name":"board.css","size":682,"language":"CSS"},{"name":"opening.css","size":366,"language":"CSS"},{"name":"dark.css","size":354,"language":"CSS"},{"name":"forum.css","size":227,"language":"CSS"},{"name":"team.css","size":184,"language":"CSS"},{"name":"tournament.css","size":137,"language":"CSS"},{"name":"analyse.css","size":128,"language":"CSS"},{"name":"gamelist.css","size":127,"language":"CSS"},{"name":"monitor.css","size":125,"language":"CSS"},{"name":"translation.css","size":95,"language":"CSS"},{"name":"user-show.css","size":93,"language":"CSS"},{"name":"message.css","size":92,"language":"CSS"},{"name":"vendor.css","size":78,"language":"CSS"},{"name":"user-list.css","size":56,"language":"CSS"},{"name":"user-signup.css","size":55,"language":"CSS"},{"name":"search.css","size":51,"language":"CSS"},{"name":"import.css","size":36,"language":"CSS"},{"name":"wiki.css","size":34,"language":"CSS"},{"name":"user-passwd.css","size":31,"language":"CSS"},{"name":"gamestats.css","size":30,"language":"CSS"},{"name":"user-edit.css","size":22,"language":"CSS"},{"name":"developers.css","size":11,"language":"CSS"}],"size":3916},{"name":"browser.html","size":31,"language":"HTML"},{"name":"timeout.html","size":23,"language":"HTML"},{"name":"error.html","size":21,"language":"HTML"},{"name":"opera-websocket.html","size":9,"language":"HTML"},{"name":"websocket-fail.html","size":9,"language":"HTML"}],"size":12720},{"name":"app","children":[{"name":"game","children":[{"name":"DbGame.scala","size":369,"language":"Scala"},{"name":"GameRepo.scala","size":207,"language":"Scala"},{"name":"DbPlayer.scala","size":113,"language":"Scala"},{"name":"GameHelper.scala","size":101,"language":"Scala"},{"name":"Featured.scala","size":68,"language":"Scala"},{"name":"Export.scala","size":58,"language":"Scala"},{"name":"PaginatorBuilder.scala","size":55,"language":"Scala"},{"name":"Rewind.scala","size":43,"language":"Scala"},{"name":"GameDiff.scala","size":42,"language":"Scala"},{"name":"RawDbClock.scala","size":40,"language":"Scala"},{"name":"Query.scala","size":36,"language":"Scala"},{"name":"Handler.scala","size":34,"language":"Scala"},{"name":"GameEnv.scala","size":29,"language":"Scala"},{"name":"Cached.scala","size":27,"language":"Scala"},{"name":"PgnRepo.scala","size":26,"language":"Scala"},{"name":"Pov.scala","size":24,"language":"Scala"},{"name":"ListMenu.scala","size":22,"language":"Scala"},{"name":"Namer.scala","size":19,"language":"Scala"},{"name":"MoveTime.scala","size":17,"language":"Scala"},{"name":"Metadata.scala","size":17,"language":"Scala"},{"name":"Source.scala","size":17,"language":"Scala"},{"name":"GameJs.scala","size":12,"language":"Scala"},{"name":"IdGenerator.scala","size":8,"language":"Scala"}],"size":1384},{"name":"round","children":[{"name":"Hand.scala","size":241,"language":"Scala"},{"name":"Socket.scala","size":160,"language":"Scala"},{"name":"Event.scala","size":152,"language":"Scala"},{"name":"Hub.scala","size":117,"language":"Scala"},{"name":"Finisher.scala","size":115,"language":"Scala"},{"name":"RoundEnv.scala","size":86,"language":"Scala"},{"name":"Messenger.scala","size":74,"language":"Scala"},{"name":"RoundHelper.scala","size":71,"language":"Scala"},{"name":"actorApi.scala","size":62,"language":"Scala"},{"name":"HubMaster.scala","size":61,"language":"Scala"},{"name":"History.scala","size":51,"language":"Scala"},{"name":"Meddler.scala","size":42,"language":"Scala"},{"name":"WatcherRoom.scala","size":37,"language":"Scala"},{"name":"Room.scala","size":33,"language":"Scala"},{"name":"Takeback.scala","size":31,"language":"Scala"},{"name":"RoomRepo.scala","size":28,"language":"Scala"},{"name":"WatcherRoomRepo.scala","size":27,"language":"Scala"},{"name":"Progress.scala","size":20,"language":"Scala"},{"name":"MoveNotifier.scala","size":19,"language":"Scala"},{"name":"FinisherLock.scala","size":10,"language":"Scala"},{"name":"package.scala","size":5,"language":"Scala"}],"size":1442},{"name":"tournament","children":[{"name":"Tournament.scala","size":235,"language":"Scala"},{"name":"TournamentApi.scala","size":127,"language":"Scala"},{"name":"Pairing.scala","size":108,"language":"Scala"},{"name":"Socket.scala","size":90,"language":"Scala"},{"name":"Hub.scala","size":87,"language":"Scala"},{"name":"TournamentEnv.scala","size":76,"language":"Scala"},{"name":"TournamentRepo.scala","size":68,"language":"Scala"},{"name":"Organizer.scala","size":66,"language":"Scala"},{"name":"GameJoiner.scala","size":64,"language":"Scala"},{"name":"HubMaster.scala","size":62,"language":"Scala"},{"name":"Player.scala","size":59,"language":"Scala"},{"name":"DataForm.scala","size":56,"language":"Scala"},{"name":"actorApi.scala","size":47,"language":"Scala"},{"name":"Messenger.scala","size":33,"language":"Scala"},{"name":"Room.scala","size":31,"language":"Scala"},{"name":"RoomRepo.scala","size":28,"language":"Scala"},{"name":"Reminder.scala","size":28,"language":"Scala"},{"name":"TournamentHelper.scala","size":21,"language":"Scala"},{"name":"Status.scala","size":16,"language":"Scala"},{"name":"TournamentClock.scala","size":9,"language":"Scala"},{"name":"RandomName.scala","size":8,"language":"Scala"},{"name":"package.scala","size":5,"language":"Scala"}],"size":1324},{"name":"user","children":[{"name":"UserRepo.scala","size":216,"language":"Scala"},{"name":"HistoryRepo.scala","size":75,"language":"Scala"},{"name":"UserHelper.scala","size":68,"language":"Scala"},{"name":"GameFilter.scala","size":62,"language":"Scala"},{"name":"UserInfo.scala","size":61,"language":"Scala"},{"name":"EloChart.scala","size":54,"language":"Scala"},{"name":"User.scala","size":46,"language":"Scala"},{"name":"DataForm.scala","size":37,"language":"Scala"},{"name":"UserEnv.scala","size":35,"language":"Scala"},{"name":"Cached.scala","size":27,"language":"Scala"},{"name":"PaginatorBuilder.scala","size":23,"language":"Scala"},{"name":"UsernameMemo.scala","size":16,"language":"Scala"}],"size":720},{"name":"i18n","children":[{"name":"I18nKeys.scala","size":188,"language":"Scala"},{"name":"LangList.scala","size":172,"language":"Scala"},{"name":"GitWrite.scala","size":83,"language":"Scala"},{"name":"Contributors.scala","size":72,"language":"Scala"},{"name":"DataForm.scala","size":64,"language":"Scala"},{"name":"I18nEnv.scala","size":51,"language":"Scala"},{"name":"JsDump.scala","size":50,"language":"Scala"},{"name":"I18hHelper.scala","size":42,"language":"Scala"},{"name":"TransInfo.scala","size":38,"language":"Scala"},{"name":"Translator.scala","size":36,"language":"Scala"},{"name":"UpstreamFetch.scala","size":36,"language":"Scala"},{"name":"FileFix.scala","size":32,"language":"Scala"},{"name":"I18nPool.scala","size":26,"language":"Scala"},{"name":"TranslationRepo.scala","size":23,"language":"Scala"},{"name":"I18nKey.scala","size":21,"language":"Scala"},{"name":"I18nRequestHandler.scala","size":20,"language":"Scala"},{"name":"Translation.scala","size":20,"language":"Scala"},{"name":"I18nDomain.scala","size":14,"language":"Scala"}],"size":988},{"name":"analyse","children":[{"name":"Analysis.scala","size":169,"language":"Scala"},{"name":"PgnDump.scala","size":74,"language":"Scala"},{"name":"AnalysisRepo.scala","size":54,"language":"Scala"},{"name":"Analyser.scala","size":53,"language":"Scala"},{"name":"AnalyseEnv.scala","size":39,"language":"Scala"},{"name":"PaginatorBuilder.scala","size":34,"language":"Scala"},{"name":"Annotator.scala","size":28,"language":"Scala"},{"name":"AdvantageChart.scala","size":27,"language":"Scala"},{"name":"TimePie.scala","size":24,"language":"Scala"},{"name":"Cached.scala","size":18,"language":"Scala"},{"name":"TimeChart.scala","size":17,"language":"Scala"},{"name":"AnalyseHelper.scala","size":12,"language":"Scala"}],"size":549},{"name":"core","children":[{"name":"CoreEnv.scala","size":168,"language":"Scala"},{"name":"Settings.scala","size":132,"language":"Scala"},{"name":"Cron.scala","size":102,"language":"Scala"},{"name":"Titivate.scala","size":52,"language":"Scala"},{"name":"Global.scala","size":48,"language":"Scala"},{"name":"Room.scala","size":26,"language":"Scala"},{"name":"IOFuture.scala","size":23,"language":"Scala"},{"name":"AkkaLogger.scala","size":21,"language":"Scala"},{"name":"Form.scala","size":19,"language":"Scala"},{"name":"String.scala","size":11,"language":"Scala"}],"size":602},{"name":"views","children":[{"name":"search","children":[{"name":"form.scala.html","size":162,"language":"HTML"}],"size":162},{"name":"base","children":[{"name":"layout.scala.html","size":153,"language":"HTML"},{"name":"captcha.scala.html","size":21,"language":"HTML"},{"name":"chatRoom.scala.html","size":21,"language":"HTML"},{"name":"errorPage.scala.html","size":14,"language":"HTML"},{"name":"select.scala.html","size":9,"language":"HTML"},{"name":"input.scala.html","size":4,"language":"HTML"}],"size":222},{"name":"user","children":[{"name":"show.scala.html","size":143,"language":"HTML"},{"name":"passwd.scala.html","size":28,"language":"HTML"},{"name":"filterTitle.scala.html","size":27,"language":"HTML"},{"name":"list.scala.html","size":25,"language":"HTML"},{"name":"close.scala.html","size":22,"language":"HTML"},{"name":"layout.scala.html","size":18,"language":"HTML"},{"name":"disabled.scala.html","size":13,"language":"HTML"},{"name":"passwdFormField.scala.html","size":12,"language":"HTML"},{"name":"online.scala.html","size":5,"language":"HTML"}],"size":293},{"name":"tournament","children":[{"name":"homeInner.scala.html","size":111,"language":"HTML"},{"name":"form.scala.html","size":70,"language":"HTML"},{"name":"show","children":[{"name":"createdInner.scala.html","size":44,"language":"HTML"},{"name":"layout.scala.html","size":26,"language":"HTML"},{"name":"startedInner.scala.html","size":13,"language":"HTML"},{"name":"started.scala.html","size":10,"language":"HTML"},{"name":"finished.scala.html","size":10,"language":"HTML"},{"name":"inner.scala.html","size":9,"language":"HTML"},{"name":"created.scala.html","size":9,"language":"HTML"},{"name":"finishedInner.scala.html","size":5,"language":"HTML"}],"size":126},{"name":"standing.scala.html","size":34,"language":"HTML"},{"name":"createdTable.scala.html","size":30,"language":"HTML"},{"name":"table.scala.html","size":27,"language":"HTML"},{"name":"faq.scala.html","size":26,"language":"HTML"},{"name":"infoBox.scala.html","size":24,"language":"HTML"},{"name":"home.scala.html","size":19,"language":"HTML"},{"name":"pairings.scala.html","size":16,"language":"HTML"},{"name":"faqPage.scala.html","size":14,"language":"HTML"},{"name":"layout.scala.html","size":13,"language":"HTML"},{"name":"notFound.scala.html","size":13,"language":"HTML"},{"name":"games.scala.html","size":11,"language":"HTML"},{"name":"reminder.scala.html","size":6,"language":"HTML"},{"name":"linkTo.scala.html","size":2,"language":"HTML"}],"size":542},{"name":"analyse","children":[{"name":"replay.scala.html","size":94,"language":"HTML"},{"name":"stats.scala.html","size":35,"language":"HTML"},{"name":"layout.scala.html","size":9,"language":"HTML"},{"name":"link.scala.html","size":4,"language":"HTML"},{"name":"notification.scala.html","size":4,"language":"HTML"}],"size":146},{"name":"lobby","children":[{"name":"home.scala.html","size":90,"language":"HTML"},{"name":"log.scala.html","size":19,"language":"HTML"},{"name":"buttons.scala.html","size":8,"language":"HTML"}],"size":117},{"name":"i18n","children":[{"name":"translationForm.scala.html","size":77,"language":"HTML"},{"name":"translations.scala.html","size":32,"language":"HTML"},{"name":"contribute.scala.html","size":20,"language":"HTML"},{"name":"layout.scala.html","size":17,"language":"HTML"},{"name":"callBox.scala.html","size":10,"language":"HTML"},{"name":"translationLink.scala.html","size":9,"language":"HTML"}],"size":165},{"name":"team","children":[{"name":"showContent.scala.html","size":72,"language":"HTML"},{"name":"form.scala.html","size":39,"language":"HTML"},{"name":"layout.scala.html","size":37,"language":"HTML"},{"name":"edit.scala.html","size":34,"language":"HTML"},{"name":"requests.scala.html","size":30,"language":"HTML"},{"name":"list.scala.html","size":27,"language":"HTML"},{"name":"requestForm.scala.html","size":26,"language":"HTML"},{"name":"show.scala.html","size":21,"language":"HTML"},{"name":"kick.scala.html","size":15,"language":"HTML"},{"name":"mine.scala.html","size":15,"language":"HTML"},{"name":"teamTr.scala.html","size":13,"language":"HTML"},{"name":"join.scala.html","size":12,"language":"HTML"},{"name":"allRequests.scala.html","size":10,"language":"HTML"},{"name":"search.scala.html","size":7,"language":"HTML"},{"name":"home.scala.html","size":6,"language":"HTML"},{"name":"noTeam.scala.html","size":6,"language":"HTML"},{"name":"createLimit.scala.html","size":4,"language":"HTML"}],"size":374},{"name":"game","children":[{"name":"widgets.scala.html","size":71,"language":"HTML"},{"name":"infoBox.scala.html","size":56,"language":"HTML"},{"name":"sideMenu.scala.html","size":30,"language":"HTML"},{"name":"more.scala.html","size":24,"language":"HTML"},{"name":"list.scala.html","size":24,"language":"HTML"},{"name":"importGame.scala.html","size":23,"language":"HTML"},{"name":"realtime.scala.html","size":19,"language":"HTML"},{"name":"imported.scala.html","size":10,"language":"HTML"},{"name":"layout.scala.html","size":8,"language":"HTML"},{"name":"bookmarked.scala.html","size":6,"language":"HTML"},{"name":"popular.scala.html","size":6,"language":"HTML"},{"name":"analysed.scala.html","size":6,"language":"HTML"},{"name":"all.scala.html","size":6,"language":"HTML"},{"name":"checkmate.scala.html","size":6,"language":"HTML"},{"name":"featuredJs.scala.html","size":3,"language":"HTML"},{"name":"featuredJsNoCtx.scala.html","size":3,"language":"HTML"},{"name":"miniBoard.scala.html","size":2,"language":"HTML"}],"size":303},{"name":"round","children":[{"name":"player.scala.html","size":67,"language":"HTML"},{"name":"table","children":[{"name":"playing.scala.html","size":67,"language":"HTML"},{"name":"end.scala.html","size":36,"language":"HTML"},{"name":"watch.scala.html","size":26,"language":"HTML"},{"name":"result.scala.html","size":16,"language":"HTML"}],"size":145},{"name":"watcher.scala.html","size":64,"language":"HTML"},{"name":"clock.scala.html","size":12,"language":"HTML"},{"name":"username.scala.html","size":12,"language":"HTML"},{"name":"blurs.scala.html","size":10,"language":"HTML"},{"name":"layout.scala.html","size":9,"language":"HTML"},{"name":"continueFromHere.scala.html","size":8,"language":"HTML"},{"name":"cemetery.scala.html","size":7,"language":"HTML"},{"name":"room.scala.html","size":4,"language":"HTML"},{"name":"winner.scala.html","children":[],"size":0}],"size":338},{"name":"forum","children":[{"name":"categ","children":[{"name":"show.scala.html","size":59,"language":"HTML"},{"name":"table.scala.html","size":33,"language":"HTML"},{"name":"index.scala.html","size":12,"language":"HTML"}],"size":104},{"name":"topic","children":[{"name":"show.scala.html","size":59,"language":"HTML"},{"name":"form.scala.html","size":22,"language":"HTML"}],"size":81},{"name":"search.scala.html","size":37,"language":"HTML"},{"name":"pagination.scala.html","size":27,"language":"HTML"},{"name":"layout.scala.html","size":17,"language":"HTML"},{"name":"post","children":[{"name":"formFields.scala.html","size":12,"language":"HTML"},{"name":"recent.scala.html","size":10,"language":"HTML"}],"size":22},{"name":"searchForm.scala.html","size":4,"language":"HTML"}],"size":292},{"name":"message","children":[{"name":"form.scala.html","size":44,"language":"HTML"},{"name":"inbox.scala.html","size":41,"language":"HTML"},{"name":"thread.scala.html","size":34,"language":"HTML"},{"name":"layout.scala.html","size":25,"language":"HTML"}],"size":144},{"name":"auth","children":[{"name":"signup.scala.html","size":34,"language":"HTML"},{"name":"login.scala.html","size":24,"language":"HTML"},{"name":"formFields.scala.html","size":20,"language":"HTML"},{"name":"miniLogin.scala.html","size":15,"language":"HTML"},{"name":"loggedIn.scala.html","size":13,"language":"HTML"},{"name":"layout.scala.html","size":8,"language":"HTML"}],"size":114},{"name":"setup","children":[{"name":"join.scala.html","size":30,"language":"HTML"},{"name":"await.scala.html","size":29,"language":"HTML"},{"name":"hook.scala.html","size":25,"language":"HTML"},{"name":"clock.scala.html","size":22,"language":"HTML"},{"name":"ai.scala.html","size":15,"language":"HTML"},{"name":"friend.scala.html","size":15,"language":"HTML"},{"name":"config.scala.html","size":14,"language":"HTML"},{"name":"filter.scala.html","size":13,"language":"HTML"},{"name":"radios.scala.html","size":11,"language":"HTML"},{"name":"checkbox.scala.html","size":8,"language":"HTML"},{"name":"input.scala.html","size":7,"language":"HTML"},{"name":"fenInput.scala.html","size":5,"language":"HTML"}],"size":194},{"name":"mod","children":[{"name":"log.scala.html","size":23,"language":"HTML"}],"size":23},{"name":"site","children":[{"name":"message.scala.html","size":17,"language":"HTML"},{"name":"developers.scala.html","size":15,"language":"HTML"},{"name":"todo.scala.html","size":7,"language":"HTML"},{"name":"layout.scala.html","size":5,"language":"HTML"},{"name":"noEngine.scala.html","size":4,"language":"HTML"}],"size":48},{"name":"wiki","children":[{"name":"layout.scala.html","size":16,"language":"HTML"},{"name":"show.scala.html","size":11,"language":"HTML"},{"name":"menu.scala.html","size":8,"language":"HTML"}],"size":35},{"name":"monitor","children":[{"name":"monitor.scala.html","size":16,"language":"HTML"},{"name":"layout.scala.html","size":15,"language":"HTML"}],"size":31},{"name":"bookmark","children":[{"name":"toggle.scala.html","size":12,"language":"HTML"}],"size":12},{"name":"notification","children":[{"name":"view.scala.html","size":10,"language":"HTML"}],"size":10},{"name":"widget","children":[{"name":"connection.scala.html","size":4,"language":"HTML"}],"size":4},{"name":"board","children":[{"name":"black.scala.html","size":1,"language":"HTML"},{"name":"white.scala.html","size":1,"language":"HTML"}],"size":2}],"size":3571},{"name":"controllers","children":[{"name":"Team.scala","size":159,"language":"Scala"},{"name":"Tournament.scala","size":147,"language":"Scala"},{"name":"LilaController.scala","size":145,"language":"Scala"},{"name":"Round.scala","size":136,"language":"Scala"},{"name":"Setup.scala","size":116,"language":"Scala"},{"name":"User.scala","size":109,"language":"Scala"},{"name":"Lobby.scala","size":94,"language":"Scala"},{"name":"Analyse.scala","size":79,"language":"Scala"},{"name":"Message.scala","size":65,"language":"Scala"},{"name":"I18n.scala","size":63,"language":"Scala"},{"name":"Ai.scala","size":54,"language":"Scala"},{"name":"Main.scala","size":49,"language":"Scala"},{"name":"ForumPost.scala","size":49,"language":"Scala"},{"name":"Game.scala","size":46,"language":"Scala"},{"name":"Auth.scala","size":45,"language":"Scala"},{"name":"ForumTopic.scala","size":41,"language":"Scala"},{"name":"Monitor.scala","size":39,"language":"Scala"},{"name":"Setting.scala","size":38,"language":"Scala"},{"name":"Mod.scala","size":38,"language":"Scala"},{"name":"Cli.scala","size":31,"language":"Scala"},{"name":"Importer.scala","size":30,"language":"Scala"},{"name":"ResponseWriter.scala","size":26,"language":"Scala"},{"name":"RoundEventPerformer.scala","size":24,"language":"Scala"},{"name":"Search.scala","size":23,"language":"Scala"},{"name":"ForumCateg.scala","size":19,"language":"Scala"},{"name":"BaseGame.scala","size":16,"language":"Scala"},{"name":"RequestGetter.scala","size":15,"language":"Scala"},{"name":"Wiki.scala","size":14,"language":"Scala"},{"name":"TheftPrevention.scala","size":14,"language":"Scala"},{"name":"Star.scala","size":12,"language":"Scala"},{"name":"Notification.scala","size":10,"language":"Scala"}],"size":1746},{"name":"monitor","children":[{"name":"Reporting.scala","size":141,"language":"Scala"},{"name":"MongoStatus.scala","size":42,"language":"Scala"},{"name":"Socket.scala","size":33,"language":"Scala"},{"name":"CPU.java","size":29,"language":"Java"},{"name":"MonitorEnv.scala","size":28,"language":"Scala"},{"name":"RpsProvider.scala","size":24,"language":"Scala"},{"name":"actorApi.scala","size":17,"language":"Scala"},{"name":"Hub.scala","size":16,"language":"Scala"}],"size":330},{"name":"team","children":[{"name":"TeamApi.scala","size":121,"language":"Scala"},{"name":"DataForm.scala","size":89,"language":"Scala"},{"name":"TeamRepo.scala","size":68,"language":"Scala"},{"name":"TeamEnv.scala","size":57,"language":"Scala"},{"name":"TeamInfo.scala","size":52,"language":"Scala"},{"name":"Team.scala","size":42,"language":"Scala"},{"name":"MemberRepo.scala","size":41,"language":"Scala"},{"name":"PaginatorBuilder.scala","size":39,"language":"Scala"},{"name":"RequestRepo.scala","size":38,"language":"Scala"},{"name":"Cached.scala","size":36,"language":"Scala"},{"name":"SearchIndexer.scala","size":31,"language":"Scala"},{"name":"Request.scala","size":30,"language":"Scala"},{"name":"SearchMapping.scala","size":28,"language":"Scala"},{"name":"Member.scala","size":25,"language":"Scala"},{"name":"TeamHelper.scala","size":22,"language":"Scala"},{"name":"SearchQuery.scala","size":22,"language":"Scala"},{"name":"SearchPaginatorBuilder.scala","size":17,"language":"Scala"},{"name":"TeamMessenger.scala","size":16,"language":"Scala"}],"size":774},{"name":"forum","children":[{"name":"PostApi.scala","size":105,"language":"Scala"},{"name":"TopicApi.scala","size":82,"language":"Scala"},{"name":"CategApi.scala","size":71,"language":"Scala"},{"name":"PostRepo.scala","size":56,"language":"Scala"},{"name":"TopicRepo.scala","size":50,"language":"Scala"},{"name":"SearchIndexer.scala","size":46,"language":"Scala"},{"name":"CategRepo.scala","size":44,"language":"Scala"},{"name":"Post.scala","size":41,"language":"Scala"},{"name":"DataForm.scala","size":34,"language":"Scala"},{"name":"ForumEnv.scala","size":34,"language":"Scala"},{"name":"Recent.scala","size":31,"language":"Scala"},{"name":"Topic.scala","size":31,"language":"Scala"},{"name":"SearchMapping.scala","size":31,"language":"Scala"},{"name":"views.scala","size":31,"language":"Scala"},{"name":"SearchQuery.scala","size":24,"language":"Scala"},{"name":"ForumGranter.scala","size":20,"language":"Scala"},{"name":"ForumHelper.scala","size":19,"language":"Scala"},{"name":"Controller.scala","size":18,"language":"Scala"},{"name":"SearchPaginatorBuilder.scala","size":17,"language":"Scala"},{"name":"Categ.scala","size":16,"language":"Scala"}],"size":801},{"name":"socket","children":[{"name":"HubActor.scala","size":101,"language":"Scala"},{"name":"MetaHub.scala","size":29,"language":"Scala"},{"name":"actorApi.scala","size":27,"language":"Scala"},{"name":"History.scala","size":22,"language":"Scala"},{"name":"Historical.scala","size":13,"language":"Scala"},{"name":"Util.scala","size":12,"language":"Scala"}],"size":204},{"name":"search","children":[{"name":"DataForm.scala","size":97,"language":"Scala"},{"name":"Query.scala","size":95,"language":"Scala"},{"name":"TypeIndexer.scala","size":70,"language":"Scala"},{"name":"ElasticSearch.scala","size":58,"language":"Scala"},{"name":"Game.scala","size":54,"language":"Scala"},{"name":"GameIndexer.scala","size":53,"language":"Scala"},{"name":"SearchEnv.scala","size":36,"language":"Scala"},{"name":"Range.scala","size":25,"language":"Scala"},{"name":"PaginatorBuilder.scala","size":20,"language":"Scala"},{"name":"Queue.scala","size":19,"language":"Scala"},{"name":"Sorting.scala","size":19,"language":"Scala"}],"size":546},{"name":"setup","children":[{"name":"Rematcher.scala","size":95,"language":"Scala"},{"name":"FormFactory.scala","size":84,"language":"Scala"},{"name":"Processor.scala","size":82,"language":"Scala"},{"name":"AiConfig.scala","size":74,"language":"Scala"},{"name":"HookConfig.scala","size":74,"language":"Scala"},{"name":"FriendConfig.scala","size":71,"language":"Scala"},{"name":"HookJoiner.scala","size":68,"language":"Scala"},{"name":"FilterConfig.scala","size":62,"language":"Scala"},{"name":"SetupEnv.scala","size":59,"language":"Scala"},{"name":"UserConfig.scala","size":51,"language":"Scala"},{"name":"Config.scala","size":51,"language":"Scala"},{"name":"AnonConfigRepo.scala","size":43,"language":"Scala"},{"name":"FriendJoiner.scala","size":32,"language":"Scala"},{"name":"UserConfigRepo.scala","size":27,"language":"Scala"},{"name":"SetupHelper.scala","size":26,"language":"Scala"},{"name":"Mappings.scala","size":24,"language":"Scala"},{"name":"Color.scala","size":23,"language":"Scala"},{"name":"ApiConfig.scala","size":23,"language":"Scala"},{"name":"FriendConfigMemo.scala","size":13,"language":"Scala"},{"name":"HumanConfig.scala","size":10,"language":"Scala"}],"size":992},{"name":"ai","children":[{"name":"stockfish","children":[{"name":"ActorFSM.scala","size":92,"language":"Scala"},{"name":"model.scala","size":92,"language":"Scala"},{"name":"Server.scala","size":68,"language":"Scala"},{"name":"Process.scala","size":60,"language":"Scala"},{"name":"Config.scala","size":58,"language":"Scala"},{"name":"Client.scala","size":53,"language":"Scala"},{"name":"AnalyseParser.scala","size":26,"language":"Scala"},{"name":"Ai.scala","size":25,"language":"Scala"},{"name":"Stockfish.scala","size":11,"language":"Scala"}],"size":485},{"name":"AiEnv.scala","size":38,"language":"Scala"},{"name":"Client.scala","size":29,"language":"Scala"},{"name":"FenBased.scala","size":21,"language":"Scala"},{"name":"StupidAi.scala","size":19,"language":"Scala"},{"name":"Ai.scala","size":10,"language":"Scala"},{"name":"AiHelper.scala","size":9,"language":"Scala"}],"size":611},{"name":"site","children":[{"name":"Captcha.scala","size":81,"language":"Scala"},{"name":"Socket.scala","size":41,"language":"Scala"},{"name":"actorApi.scala","size":20,"language":"Scala"},{"name":"SiteEnv.scala","size":19,"language":"Scala"},{"name":"Hub.scala","size":19,"language":"Scala"}],"size":180},{"name":"lobby","children":[{"name":"Preload.scala","size":78,"language":"Scala"},{"name":"Hook.scala","size":74,"language":"Scala"},{"name":"Hub.scala","size":68,"language":"Scala"},{"name":"LobbyEnv.scala","size":59,"language":"Scala"},{"name":"Socket.scala","size":57,"language":"Scala"},{"name":"HookRepo.scala","size":48,"language":"Scala"},{"name":"MessageRepo.scala","size":31,"language":"Scala"},{"name":"actorApi.scala","size":29,"language":"Scala"},{"name":"Fisherman.scala","size":29,"language":"Scala"},{"name":"Messenger.scala","size":24,"language":"Scala"},{"name":"Message.scala","size":13,"language":"Scala"}],"size":510},{"name":"message","children":[{"name":"ThreadRepo.scala","size":77,"language":"Scala"},{"name":"Api.scala","size":57,"language":"Scala"},{"name":"Thread.scala","size":51,"language":"Scala"},{"name":"DataForm.scala","size":33,"language":"Scala"},{"name":"Post.scala","size":24,"language":"Scala"},{"name":"MessageEnv.scala","size":21,"language":"Scala"},{"name":"UnreadCache.scala","size":16,"language":"Scala"},{"name":"LichessThread.scala","size":13,"language":"Scala"},{"name":"MessageHelper.scala","size":8,"language":"Scala"}],"size":300},{"name":"security","children":[{"name":"Store.scala","size":74,"language":"Scala"},{"name":"Firewall.scala","size":72,"language":"Scala"},{"name":"AuthImpl.scala","size":58,"language":"Scala"},{"name":"Permission.scala","size":41,"language":"Scala"},{"name":"DataForm.scala","size":41,"language":"Scala"},{"name":"Flood.scala","size":38,"language":"Scala"},{"name":"SecurityEnv.scala","size":24,"language":"Scala"},{"name":"Wiretap.scala","size":12,"language":"Scala"},{"name":"Granter.scala","size":11,"language":"Scala"},{"name":"SecurityHelper.scala","size":10,"language":"Scala"}],"size":381},{"name":"importer","children":[{"name":"Importer.scala","size":63,"language":"Scala"},{"name":"DataForm.scala","size":49,"language":"Scala"},{"name":"ImporterEnv.scala","size":13,"language":"Scala"},{"name":"PgnImport.scala","size":6,"language":"Scala"}],"size":131},{"name":"package.scala","size":58,"language":"Scala"},{"name":"bookmark","children":[{"name":"BookmarkRepo.scala","size":57,"language":"Scala"},{"name":"PaginatorBuilder.scala","size":40,"language":"Scala"},{"name":"BookmarkApi.scala","size":35,"language":"Scala"},{"name":"BookmarkEnv.scala","size":27,"language":"Scala"},{"name":"Cached.scala","size":18,"language":"Scala"},{"name":"BookmarkHelper.scala","size":11,"language":"Scala"},{"name":"Bookmark.scala","size":10,"language":"Scala"}],"size":198},{"name":"cli","children":[{"name":"Main.scala","size":51,"language":"Scala"},{"name":"Users.scala","size":39,"language":"Scala"},{"name":"Teams.scala","size":37,"language":"Scala"},{"name":"I18n.scala","size":19,"language":"Scala"},{"name":"Forum.scala","size":14,"language":"Scala"},{"name":"package.scala","size":13,"language":"Scala"},{"name":"Games.scala","size":9,"language":"Scala"},{"name":"Infos.scala","size":9,"language":"Scala"},{"name":"Search.scala","size":8,"language":"Scala"},{"name":"Wiki.scala","size":7,"language":"Scala"}],"size":206},{"name":"ui","children":[{"name":"Board.scala","size":48,"language":"Scala"},{"name":"LobbyMenu.scala","size":29,"language":"Scala"},{"name":"SiteMenu.scala","size":28,"language":"Scala"},{"name":"Theme.scala","size":24,"language":"Scala"}],"size":129},{"name":"mod","children":[{"name":"ModApi.scala","size":47,"language":"Scala"},{"name":"Modlog.scala","size":29,"language":"Scala"},{"name":"ModEnv.scala","size":28,"language":"Scala"},{"name":"ModlogApi.scala","size":25,"language":"Scala"},{"name":"ModlogRepo.scala","size":17,"language":"Scala"}],"size":146},{"name":"timeline","children":[{"name":"EntryRepo.scala","size":39,"language":"Scala"},{"name":"Push.scala","size":29,"language":"Scala"},{"name":"Entry.scala","size":27,"language":"Scala"},{"name":"TimelineEnv.scala","size":19,"language":"Scala"}],"size":114},{"name":"templating","children":[{"name":"StringHelper.scala","size":39,"language":"Scala"},{"name":"Environment.scala","size":38,"language":"Scala"},{"name":"AssetHelper.scala","size":23,"language":"Scala"},{"name":"PaginatorHelper.scala","size":19,"language":"Scala"},{"name":"FormHelper.scala","size":19,"language":"Scala"},{"name":"DateHelper.scala","size":18,"language":"Scala"},{"name":"NumberHelper.scala","size":18,"language":"Scala"},{"name":"MarkdownHelper.scala","size":13,"language":"Scala"},{"name":"SettingHelper.scala","size":11,"language":"Scala"},{"name":"UiHelper.scala","size":11,"language":"Scala"},{"name":"ConfigHelper.scala","size":8,"language":"Scala"},{"name":"JsonHelper.scala","size":7,"language":"Scala"},{"name":"RequestHelper.scala","size":6,"language":"Scala"}],"size":230},{"name":"wiki","children":[{"name":"Fetch.scala","size":38,"language":"Scala"},{"name":"Page.scala","size":28,"language":"Scala"},{"name":"PageRepo.scala","size":22,"language":"Scala"},{"name":"WikiEnv.scala","size":14,"language":"Scala"},{"name":"Api.scala","size":9,"language":"Scala"}],"size":111},{"name":"implicits","children":[{"name":"RichJs.scala","size":37,"language":"Scala"},{"name":"RichDuration.scala","size":13,"language":"Scala"}],"size":50},{"name":"memo","children":[{"name":"Builder.scala","size":33,"language":"Scala"},{"name":"ActorMemo.scala","size":32,"language":"Scala"},{"name":"BooleanExpiryMemo.scala","size":24,"language":"Scala"},{"name":"MonoMemo.scala","size":16,"language":"Scala"}],"size":105},{"name":"http","children":[{"name":"LilaCookie.scala","size":28,"language":"Scala"},{"name":"Context.scala","size":28,"language":"Scala"},{"name":"Setting.scala","size":27,"language":"Scala"}],"size":83},{"name":"elo","children":[{"name":"EloRange.scala","size":23,"language":"Scala"},{"name":"EloUpdater.scala","size":18,"language":"Scala"}],"size":41},{"name":"mongodb","children":[{"name":"Cache.scala","size":22,"language":"Scala"},{"name":"MongoDbEnv.scala","size":19,"language":"Scala"},{"name":"CachedAdapter.scala","size":17,"language":"Scala"},{"name":"CachePlugin.scala","size":17,"language":"Scala"},{"name":"CappedRepo.scala","size":16,"language":"Scala"}],"size":91},{"name":"csv","children":[{"name":"Writer.scala","size":21,"language":"Scala"}],"size":21},{"name":"notification","children":[{"name":"Api.scala","size":20,"language":"Scala"},{"name":"Notification.scala","size":19,"language":"Scala"},{"name":"NotificationHelper.scala","size":16,"language":"Scala"}],"size":55}],"size":19724},{"name":"conf","children":[{"name":"messages.cs","size":172,"language":"C#"},{"name":"messages.el","size":172,"language":"Lisp"},{"name":"messages.pl","size":172,"language":"Perl"},{"name":"messages.da","size":169,"language":"DAL"}],"size":685},{"name":"test","children":[{"name":"PairingTest.scala","size":150,"language":"Scala"},{"name":"FeaturedTest.scala","size":95,"language":"Scala"},{"name":"LilaSpec.scala","size":7,"language":"Scala"}],"size":252},{"name":"bin","children":[{"name":"mongodb","children":[{"name":"game3.js","size":124,"language":"Javascript"},{"name":"game4.js","size":50,"language":"Javascript"},{"name":"history2.js","size":48,"language":"Javascript"},{"name":"history.js","size":33,"language":"Javascript"},{"name":"userstats.js","size":13,"language":"Javascript"},{"name":"post-categ.js","size":12,"language":"Javascript"},{"name":"team-remove-closed-members.js","size":9,"language":"Javascript"},{"name":"tor.js","size":3,"language":"Javascript"}],"size":292},{"name":"prod","children":[{"name":"deploy","size":51,"language":"Bourne Shell"},{"name":"archlinux","children":[{"name":"rc.d","children":[{"name":"lila","size":40,"language":"Bourne Again Shell"}],"size":40},{"name":"conf.d","children":[{"name":"lila","size":4,"language":"Bourne Again Shell"}],"size":4}],"size":44},{"name":"timeout-restarter","size":24,"language":"Bourne Shell"},{"name":"munin","children":[{"name":"lichess_themes.rb","size":17,"language":"Ruby"}],"size":17},{"name":"deploy-scripts","size":7,"language":"Bourne Shell"}],"size":143},{"name":"gen","children":[{"name":"trans-dump","size":32,"language":"Ruby"},{"name":"generate_css_for_a_board_with_backgroundimages.py","size":16,"language":"Python"},{"name":"generate_css_for_a_board_with_hexcodes.py","size":13,"language":"Python"}],"size":61},{"name":"lilarc","size":11,"language":"Bourne Shell"},{"name":"closure","size":5,"language":"Bourne Shell"},{"name":"cli-prod","size":4,"language":"Bourne Shell"},{"name":"build-play2","size":4,"language":"Bourne Shell"},{"name":"cli","size":4,"language":"Bourne Shell"},{"name":"play","size":3,"language":"Bourne Shell"}],"size":527},{"name":"project","children":[{"name":"Build.scala","size":72,"language":"Scala"}],"size":72}],"size":33980}