<pkg:manifest root="/" xmlns:pkg="http://marklogic.com/manage/package"><pkg:doc name="1._LICENSE"><pkg:uri>/._LICENSE</pkg:uri><pkg:kind>binary</pkg:kind><pkg:hash>FAKE-7683781437340043960</pkg:hash><pkg:binary-size>4096</pkg:binary-size></pkg:doc><pkg:doc name="2._images"><pkg:uri>/._images</pkg:uri><pkg:kind>binary</pkg:kind><pkg:hash>FAKE-4703946429382294770</pkg:hash><pkg:binary-size>4096</pkg:binary-size></pkg:doc><pkg:doc name="3.json"><pkg:uri>/data/uptime.json</pkg:uri><pkg:kind>text</pkg:kind><pkg:hash>FAKE-12936497381827369447</pkg:hash></pkg:doc><pkg:doc name="4.json"><pkg:uri>/data/._jquery.json</pkg:uri><pkg:kind>binary</pkg:kind><pkg:hash>FAKE-15254092976784528158</pkg:hash><pkg:binary-size>4096</pkg:binary-size></pkg:doc><pkg:doc name="5.js"><pkg:uri>/javascripts/d3/d3.layout.js</pkg:uri><pkg:kind>text</pkg:kind><pkg:hash>FAKE-14470867872252997550</pkg:hash></pkg:doc><pkg:doc name="6.DS_Store"><pkg:uri>/javascripts/d3/._.DS_Store</pkg:uri><pkg:kind>binary</pkg:kind><pkg:hash>FAKE-8721311715871881123</pkg:hash><pkg:binary-size>4096</pkg:binary-size></pkg:doc><pkg:doc name="7._javascripts"><pkg:uri>/._javascripts</pkg:uri><pkg:kind>binary</pkg:kind><pkg:hash>FAKE-10686444456016802171</pkg:hash><pkg:binary-size>4096</pkg:binary-size></pkg:doc><pkg:doc name="8.html"><pkg:uri>/._force-based.html</pkg:uri><pkg:kind>binary</pkg:kind><pkg:hash>FAKE-3932988493937089805</pkg:hash><pkg:binary-size>4096</pkg:binary-size></pkg:doc><pkg:doc name="9.js"><pkg:uri>/javascripts/thisPage.js</pkg:uri><pkg:kind>text</pkg:kind><pkg:hash>FAKE-6485359357480904284</pkg:hash></pkg:doc><pkg:doc name="10.md"><pkg:uri>/README.md</pkg:uri><pkg:kind>binary</pkg:kind><pkg:hash>FAKE-1165159590266539754</pkg:hash><pkg:binary-size>785</pkg:binary-size></pkg:doc><pkg:doc name="11.json"><pkg:uri>/data/jquery.json</pkg:uri><pkg:kind>text</pkg:kind><pkg:hash>FAKE-421572638732604879</pkg:hash></pkg:doc><pkg:doc name="12.json"><pkg:uri>/data/zf2.json</pkg:uri><pkg:kind>text</pkg:kind><pkg:hash>FAKE-18210741409210943301</pkg:hash></pkg:doc><pkg:doc name="13.js"><pkg:uri>/javascripts/dataConverter.js</pkg:uri><pkg:kind>text</pkg:kind><pkg:hash>FAKE-5522239317399470649</pkg:hash></pkg:doc><pkg:doc name="14.js"><pkg:uri>/javascripts/._triplesFlower.js</pkg:uri><pkg:kind>binary</pkg:kind><pkg:hash>FAKE-4689150932450557025</pkg:hash><pkg:binary-size>4096</pkg:binary-size></pkg:doc><pkg:doc name="15.json"><pkg:uri>/data/._rails.json</pkg:uri><pkg:kind>binary</pkg:kind><pkg:hash>FAKE-11096430087824150631</pkg:hash><pkg:binary-size>4096</pkg:binary-size></pkg:doc><pkg:doc name="16.json"><pkg:uri>/data.json</pkg:uri><pkg:kind>text</pkg:kind><pkg:hash>FAKE-17247847002362942219</pkg:hash></pkg:doc><pkg:doc name="17.css"><pkg:uri>/stylesheets/bootstrap.min.css</pkg:uri><pkg:kind>text</pkg:kind><pkg:hash>FAKE-1181217139720790215</pkg:hash></pkg:doc><pkg:doc name="18.js"><pkg:uri>/javascripts/._pdt-page.js</pkg:uri><pkg:kind>binary</pkg:kind><pkg:hash>FAKE-18340315314553328171</pkg:hash><pkg:binary-size>4096</pkg:binary-size></pkg:doc><pkg:doc name="19.js"><pkg:uri>/javascripts/pdt.js</pkg:uri><pkg:kind>empty</pkg:kind><pkg:hash>0</pkg:hash></pkg:doc><pkg:doc name="20.xqy"><pkg:uri>/._default.xqy</pkg:uri><pkg:kind>binary</pkg:kind><pkg:hash>FAKE-10247786110352811100</pkg:hash><pkg:binary-size>4096</pkg:binary-size></pkg:doc><pkg:doc name="21.json"><pkg:uri>/data/faker.json</pkg:uri><pkg:kind>text</pkg:kind><pkg:hash>FAKE-15528174985779208164</pkg:hash></pkg:doc><pkg:doc name="22.js"><pkg:uri>/javascripts/d3/._detector.js</pkg:uri><pkg:kind>binary</pkg:kind><pkg:hash>FAKE-8309931547438613448</pkg:hash><pkg:binary-size>4096</pkg:binary-size></pkg:doc><pkg:doc name="23.html"><pkg:uri>/._default.xqy.html</pkg:uri><pkg:kind>binary</pkg:kind><pkg:hash>FAKE-7323386910717121946</pkg:hash><pkg:binary-size>4096</pkg:binary-size></pkg:doc><pkg:doc name="24.js"><pkg:uri>/javascripts/._dataConverter.js</pkg:uri><pkg:kind>binary</pkg:kind><pkg:hash>FAKE-2032375772752198801</pkg:hash><pkg:binary-size>4096</pkg:binary-size></pkg:doc><pkg:doc name="25.DS_Store"><pkg:uri>/stylesheets/.DS_Store</pkg:uri><pkg:kind>binary</pkg:kind><pkg:hash>FAKE-15492313744546314541</pkg:hash><pkg:binary-size>6148</pkg:binary-size></pkg:doc><pkg:doc name="26.png"><pkg:uri>/images/._uptime.png</pkg:uri><pkg:kind>binary</pkg:kind><pkg:hash>FAKE-12909036744272734024</pkg:hash><pkg:binary-size>4096</pkg:binary-size></pkg:doc><pkg:doc name="27.html"><pkg:uri>/codeflower.html</pkg:uri><pkg:kind>text</pkg:kind><pkg:hash>FAKE-6902045581413733882</pkg:hash></pkg:doc><pkg:doc name="28.js"><pkg:uri>/javascripts/d3/detector.js</pkg:uri><pkg:kind>text</pkg:kind><pkg:hash>FAKE-2934182514855578764</pkg:hash></pkg:doc><pkg:doc name="29._data"><pkg:uri>/._data</pkg:uri><pkg:kind>binary</pkg:kind><pkg:hash>FAKE-10439633280751744951</pkg:hash><pkg:binary-size>4096</pkg:binary-size></pkg:doc><pkg:doc name="30.js"><pkg:uri>/javascripts/d3/._d3.layout.js</pkg:uri><pkg:kind>binary</pkg:kind><pkg:hash>FAKE-13566296517090749035</pkg:hash><pkg:binary-size>4096</pkg:binary-size></pkg:doc><pkg:doc name="31.json"><pkg:uri>/data/._doctrine2.json</pkg:uri><pkg:kind>binary</pkg:kind><pkg:hash>FAKE-17173309382673220733</pkg:hash><pkg:binary-size>4096</pkg:binary-size></pkg:doc><pkg:doc name="32._stylesheets"><pkg:uri>/._stylesheets</pkg:uri><pkg:kind>binary</pkg:kind><pkg:hash>FAKE-16513095037750988628</pkg:hash><pkg:binary-size>4096</pkg:binary-size></pkg:doc><pkg:doc name="33.png"><pkg:uri>/images/._faker.png</pkg:uri><pkg:kind>binary</pkg:kind><pkg:hash>FAKE-6476325530930797521</pkg:hash><pkg:binary-size>4096</pkg:binary-size></pkg:doc><pkg:doc name="34.xqy"><pkg:uri>/._pdt.xqy</pkg:uri><pkg:kind>binary</pkg:kind><pkg:hash>FAKE-4360995289103210767</pkg:hash><pkg:binary-size>4096</pkg:binary-size></pkg:doc><pkg:doc name="35.html"><pkg:uri>/._codeflower.html</pkg:uri><pkg:kind>binary</pkg:kind><pkg:hash>FAKE-10261927827805271613</pkg:hash><pkg:binary-size>4096</pkg:binary-size></pkg:doc><pkg:doc name="36.html"><pkg:uri>/force-based.html</pkg:uri><pkg:kind>text</pkg:kind><pkg:hash>FAKE-17878939019861094244</pkg:hash></pkg:doc><pkg:doc name="37.css"><pkg:uri>/stylesheets/triplesflower.css</pkg:uri><pkg:kind>text</pkg:kind><pkg:hash>FAKE-14098123941230691295</pkg:hash></pkg:doc><pkg:doc name="38.js"><pkg:uri>/javascripts/d3/._d3.js</pkg:uri><pkg:kind>binary</pkg:kind><pkg:hash>FAKE-2272696214340902466</pkg:hash><pkg:binary-size>4096</pkg:binary-size></pkg:doc><pkg:doc name="39.ico"><pkg:uri>/._favicon.ico</pkg:uri><pkg:kind>binary</pkg:kind><pkg:hash>FAKE-709365153409585324</pkg:hash><pkg:binary-size>4096</pkg:binary-size></pkg:doc><pkg:doc name="40.svg"><pkg:uri>/images/._Peter_Pan_by_nk.svg</pkg:uri><pkg:kind>binary</pkg:kind><pkg:hash>FAKE-2365324719267489703</pkg:hash><pkg:binary-size>4096</pkg:binary-size></pkg:doc><pkg:doc name="41.json"><pkg:uri>/data/._zf2.json</pkg:uri><pkg:kind>binary</pkg:kind><pkg:hash>FAKE-11920914445969662515</pkg:hash><pkg:binary-size>4096</pkg:binary-size></pkg:doc><pkg:doc name="42.DS_Store"><pkg:uri>/javascripts/d3/.DS_Store</pkg:uri><pkg:kind>binary</pkg:kind><pkg:hash>FAKE-8866177399689767025</pkg:hash><pkg:binary-size>6148</pkg:binary-size></pkg:doc><pkg:doc name="43.css"><pkg:uri>/stylesheets/._pdt.css</pkg:uri><pkg:kind>binary</pkg:kind><pkg:hash>FAKE-5312015209596963102</pkg:hash><pkg:binary-size>4096</pkg:binary-size></pkg:doc><pkg:doc name="44.js"><pkg:uri>/javascripts/pdt-page.js</pkg:uri><pkg:kind>text</pkg:kind><pkg:hash>FAKE-1211018328587337351</pkg:hash></pkg:doc><pkg:doc name="45.json"><pkg:uri>/data/doctrine2.json</pkg:uri><pkg:kind>text</pkg:kind><pkg:hash>FAKE-12391054701237678635</pkg:hash></pkg:doc><pkg:doc name="46.png"><pkg:uri>/images/._jquery.png</pkg:uri><pkg:kind>binary</pkg:kind><pkg:hash>FAKE-3902916898287969398</pkg:hash><pkg:binary-size>4096</pkg:binary-size></pkg:doc><pkg:doc name="47.png"><pkg:uri>/images/uptime.png</pkg:uri><pkg:kind>binary</pkg:kind><pkg:hash>FAKE-15582349344374377144</pkg:hash><pkg:binary-size>36221</pkg:binary-size></pkg:doc><pkg:doc name="48.css"><pkg:uri>/stylesheets/bootstrap-responsive.min.css</pkg:uri><pkg:kind>text</pkg:kind><pkg:hash>FAKE-15210533164074053071</pkg:hash></pkg:doc><pkg:doc name="49.json"><pkg:uri>/data/._propel2.json</pkg:uri><pkg:kind>binary</pkg:kind><pkg:hash>FAKE-5157491940465120842</pkg:hash><pkg:binary-size>4096</pkg:binary-size></pkg:doc><pkg:doc name="50.js"><pkg:uri>/javascripts/CodeFlower.js</pkg:uri><pkg:kind>text</pkg:kind><pkg:hash>FAKE-14755691151357637027</pkg:hash></pkg:doc><pkg:doc name="51.json"><pkg:uri>/data/._symfony.json</pkg:uri><pkg:kind>binary</pkg:kind><pkg:hash>FAKE-8631936282342099450</pkg:hash><pkg:binary-size>4096</pkg:binary-size></pkg:doc><pkg:doc name="52.js"><pkg:uri>/javascripts/._jquery-1.10.2.min.js</pkg:uri><pkg:kind>binary</pkg:kind><pkg:hash>FAKE-17434439347309028647</pkg:hash><pkg:binary-size>4096</pkg:binary-size></pkg:doc><pkg:doc name="53.css"><pkg:uri>/stylesheets/._bootstrap.min.css</pkg:uri><pkg:kind>binary</pkg:kind><pkg:hash>FAKE-17103722539041213412</pkg:hash><pkg:binary-size>4096</pkg:binary-size></pkg:doc><pkg:doc name="54.css"><pkg:uri>/stylesheets/._codeflower.css</pkg:uri><pkg:kind>binary</pkg:kind><pkg:hash>FAKE-13458226458125380202</pkg:hash><pkg:binary-size>4096</pkg:binary-size></pkg:doc><pkg:doc name="55.DS_Store"><pkg:uri>/stylesheets/._.DS_Store</pkg:uri><pkg:kind>binary</pkg:kind><pkg:hash>FAKE-8505450511705795905</pkg:hash><pkg:binary-size>4096</pkg:binary-size></pkg:doc><pkg:doc name="56.png"><pkg:uri>/images/faker.png</pkg:uri><pkg:kind>binary</pkg:kind><pkg:hash>FAKE-1162681735855536295</pkg:hash><pkg:binary-size>71140</pkg:binary-size></pkg:doc><pkg:doc name="57.json"><pkg:uri>/data/._faker.json</pkg:uri><pkg:kind>binary</pkg:kind><pkg:hash>FAKE-415397747249253268</pkg:hash><pkg:binary-size>4096</pkg:binary-size></pkg:doc><pkg:doc name="58.DS_Store"><pkg:uri>/.DS_Store</pkg:uri><pkg:kind>binary</pkg:kind><pkg:hash>FAKE-17685842531712209438</pkg:hash><pkg:binary-size>12292</pkg:binary-size></pkg:doc><pkg:doc name="59.md"><pkg:uri>/._README.md</pkg:uri><pkg:kind>binary</pkg:kind><pkg:hash>FAKE-12451239549160347494</pkg:hash><pkg:binary-size>4096</pkg:binary-size></pkg:doc><pkg:doc name="60.js"><pkg:uri>/javascripts/d3/._d3.geom.js</pkg:uri><pkg:kind>binary</pkg:kind><pkg:hash>FAKE-8164332576905751370</pkg:hash><pkg:binary-size>4096</pkg:binary-size></pkg:doc><pkg:doc name="61.css"><pkg:uri>/stylesheets/style.css</pkg:uri><pkg:kind>text</pkg:kind><pkg:hash>FAKE-12849093044104068388</pkg:hash></pkg:doc><pkg:doc name="62.js"><pkg:uri>/javascripts/d3/d3.js</pkg:uri><pkg:kind>text</pkg:kind><pkg:hash>FAKE-4325355132310571589</pkg:hash></pkg:doc><pkg:doc name="63.xqy"><pkg:uri>/services.xqy</pkg:uri><pkg:kind>text</pkg:kind><pkg:hash>FAKE-1714309898001676930</pkg:hash></pkg:doc><pkg:doc name="64.json"><pkg:uri>/data/._lichess.json</pkg:uri><pkg:kind>binary</pkg:kind><pkg:hash>FAKE-17414390642809444631</pkg:hash><pkg:binary-size>4096</pkg:binary-size></pkg:doc><pkg:doc name="65.png"><pkg:uri>/images/twig.png</pkg:uri><pkg:kind>binary</pkg:kind><pkg:hash>FAKE-14031449939653612516</pkg:hash><pkg:binary-size>108183</pkg:binary-size></pkg:doc><pkg:doc name="66.svg"><pkg:uri>/images/cute_turtle.svg</pkg:uri><pkg:kind>xml</pkg:kind><pkg:hash>FAKE-5208705536863742589</pkg:hash></pkg:doc><pkg:doc name="67.js"><pkg:uri>/javascripts/._CodeFlower.js</pkg:uri><pkg:kind>binary</pkg:kind><pkg:hash>FAKE-3463462841676424888</pkg:hash><pkg:binary-size>4096</pkg:binary-size></pkg:doc><pkg:doc name="68.bin"><pkg:uri>/LICENSE</pkg:uri><pkg:kind>binary</pkg:kind><pkg:hash>FAKE-2075375630719190020</pkg:hash><pkg:binary-size>1062</pkg:binary-size></pkg:doc><pkg:doc name="69.json"><pkg:uri>/._data.json</pkg:uri><pkg:kind>binary</pkg:kind><pkg:hash>FAKE-8218554254046288402</pkg:hash><pkg:binary-size>4096</pkg:binary-size></pkg:doc><pkg:doc name="70.css"><pkg:uri>/stylesheets/codeflower.css</pkg:uri><pkg:kind>text</pkg:kind><pkg:hash>FAKE-1405259514568724773</pkg:hash></pkg:doc><pkg:doc name="71.png"><pkg:uri>/images/jquery.png</pkg:uri><pkg:kind>binary</pkg:kind><pkg:hash>FAKE-15324536603391478421</pkg:hash><pkg:binary-size>59170</pkg:binary-size></pkg:doc><pkg:doc name="72.json"><pkg:uri>/._triples-data.json</pkg:uri><pkg:kind>binary</pkg:kind><pkg:hash>FAKE-4705653524071125750</pkg:hash><pkg:binary-size>4096</pkg:binary-size></pkg:doc><pkg:doc name="73.css"><pkg:uri>/stylesheets/pdt.css</pkg:uri><pkg:kind>text</pkg:kind><pkg:hash>FAKE-12861932075220935484</pkg:hash></pkg:doc><pkg:doc name="74.xqy"><pkg:uri>/default.xqy</pkg:uri><pkg:kind>text</pkg:kind><pkg:hash>FAKE-3167213203501860421</pkg:hash></pkg:doc><pkg:doc name="75.json"><pkg:uri>/data/._wordpress.json</pkg:uri><pkg:kind>binary</pkg:kind><pkg:hash>FAKE-17189230545433098889</pkg:hash><pkg:binary-size>4096</pkg:binary-size></pkg:doc><pkg:doc name="76.json"><pkg:uri>/data/propel2.json</pkg:uri><pkg:kind>text</pkg:kind><pkg:hash>FAKE-5953960596474633451</pkg:hash></pkg:doc><pkg:doc name="77.css"><pkg:uri>/stylesheets/._bootstrap-responsive.min.css</pkg:uri><pkg:kind>binary</pkg:kind><pkg:hash>FAKE-4958028338669563317</pkg:hash><pkg:binary-size>4096</pkg:binary-size></pkg:doc><pkg:doc name="78.json"><pkg:uri>/data/symfony.json</pkg:uri><pkg:kind>text</pkg:kind><pkg:hash>FAKE-8336157235556156094</pkg:hash></pkg:doc><pkg:doc name="79.json"><pkg:uri>/triples-data.json</pkg:uri><pkg:kind>text</pkg:kind><pkg:hash>FAKE-14080734144799115045</pkg:hash></pkg:doc><pkg:doc name="80.svg"><pkg:uri>/images/._cute_turtle.svg</pkg:uri><pkg:kind>binary</pkg:kind><pkg:hash>FAKE-11600489221541186301</pkg:hash><pkg:binary-size>4096</pkg:binary-size></pkg:doc><pkg:doc name="81._d3"><pkg:uri>/javascripts/._d3</pkg:uri><pkg:kind>binary</pkg:kind><pkg:hash>FAKE-7642050470064891596</pkg:hash><pkg:binary-size>4096</pkg:binary-size></pkg:doc><pkg:doc name="82.css"><pkg:uri>/stylesheets/._triplesflower.css</pkg:uri><pkg:kind>binary</pkg:kind><pkg:hash>FAKE-1483296688074807324</pkg:hash><pkg:binary-size>4096</pkg:binary-size></pkg:doc><pkg:doc name="83.js"><pkg:uri>/javascripts/jquery-1.10.2.min.js</pkg:uri><pkg:kind>binary</pkg:kind><pkg:hash>FAKE-6209941478436484334</pkg:hash><pkg:binary-size>93107</pkg:binary-size></pkg:doc><pkg:doc name="84.json"><pkg:uri>/data/rails.json</pkg:uri><pkg:kind>text</pkg:kind><pkg:hash>FAKE-856095339635920335</pkg:hash></pkg:doc><pkg:doc name="85.json"><pkg:uri>/data/twig.json</pkg:uri><pkg:kind>text</pkg:kind><pkg:hash>FAKE-17025875895679802721</pkg:hash></pkg:doc><pkg:doc name="86.js"><pkg:uri>/javascripts/._thisPage.js</pkg:uri><pkg:kind>binary</pkg:kind><pkg:hash>FAKE-4104165014848997906</pkg:hash><pkg:binary-size>4096</pkg:binary-size></pkg:doc><pkg:doc name="87.png"><pkg:uri>/images/._twig.png</pkg:uri><pkg:kind>binary</pkg:kind><pkg:hash>FAKE-7387366397380310008</pkg:hash><pkg:binary-size>4096</pkg:binary-size></pkg:doc><pkg:doc name="88.js"><pkg:uri>/javascripts/d3/d3.geom.js</pkg:uri><pkg:kind>text</pkg:kind><pkg:hash>FAKE-6803343693372606167</pkg:hash></pkg:doc><pkg:doc name="89.json"><pkg:uri>/data/lichess.json</pkg:uri><pkg:kind>text</pkg:kind><pkg:hash>FAKE-3015612957068677451</pkg:hash></pkg:doc><pkg:doc name="90.json"><pkg:uri>/data/wordpress.json</pkg:uri><pkg:kind>text</pkg:kind><pkg:hash>FAKE-17311020541363036016</pkg:hash></pkg:doc><pkg:doc name="91.css"><pkg:uri>/stylesheets/._style.css</pkg:uri><pkg:kind>binary</pkg:kind><pkg:hash>FAKE-180041628885975708</pkg:hash><pkg:binary-size>4096</pkg:binary-size></pkg:doc><pkg:doc name="92.ico"><pkg:uri>/favicon.ico</pkg:uri><pkg:kind>binary</pkg:kind><pkg:hash>FAKE-2531706588935681253</pkg:hash><pkg:binary-size>1150</pkg:binary-size></pkg:doc><pkg:doc name="93.xqy"><pkg:uri>/pdt.xqy</pkg:uri><pkg:kind>text</pkg:kind><pkg:hash>FAKE-10215787673209915509</pkg:hash></pkg:doc><pkg:doc name="94.json"><pkg:uri>/data/._twig.json</pkg:uri><pkg:kind>binary</pkg:kind><pkg:hash>FAKE-18307546042828292130</pkg:hash><pkg:binary-size>4096</pkg:binary-size></pkg:doc><pkg:doc name="95.json"><pkg:uri>/data/._uptime.json</pkg:uri><pkg:kind>binary</pkg:kind><pkg:hash>FAKE-1463399390726564763</pkg:hash><pkg:binary-size>4096</pkg:binary-size></pkg:doc><pkg:doc name="96.js"><pkg:uri>/javascripts/._pdt.js</pkg:uri><pkg:kind>binary</pkg:kind><pkg:hash>FAKE-4285147117465532270</pkg:hash><pkg:binary-size>4096</pkg:binary-size></pkg:doc><pkg:doc name="97.js"><pkg:uri>/javascripts/triplesFlower.js</pkg:uri><pkg:kind>text</pkg:kind><pkg:hash>FAKE-12033712008705347065</pkg:hash></pkg:doc><pkg:doc name="98.svg"><pkg:uri>/images/Peter_Pan_by_nk.svg</pkg:uri><pkg:kind>xml</pkg:kind><pkg:hash>FAKE-11302260272527394359</pkg:hash></pkg:doc></pkg:manifest>
